H1,H1,H1,H1,H1,H1
H1,H1,H2,H1,H1,S
H1,H1,H1,H1,H1,H1
H1,H1,H1,H1,H1,H1
H1,H1,H1,H2,H1,H1
H1,H1,H1,H1,H1,H1
H1,H1,H1,H1,H1,H1
H1,H1,H1,H1,H1,H1
H1,H1,H1,H1,H1,H1
H1,H1,H1,H1,H1,H1
H2,H1,H1,H1,H1,H1
H1,H1,H1,H1,H1,H1
H1,H1,H1,H2,H1,H1
H1,H1,H1,H1,H1,H1
H1,H1,H1,H1,H1,H1
H1,H1,H1,H1,H1,H1
H1,H1,H1,H1,H1,H1
H1,H1,H1,H1,H1,H2
H1,H1,H1,H1,H1,H1
H1,H1,H1,H2,H1,H1
H1,H1,H1,H1,H1,H1
H1,H1,H2,H1,H1,H1
H1,H2,H1,H1,S,H1
H1,H1,H1,H1,H1,H1
H2,H1,H1,H1,H1,H1
H1,H1,H1,H1,H1,H1
H1,H1,H1,H1,H1,H1
H1,H2,H1,H1,H1,H1
H1,H1,H1,H1,H1,H1
H1,H1,H1,H1,H1,H2
H1,H1,H1,H1,H1,H1
H2,H1,H1,H1,H1,H1
H1,H1,H1,H2,H1,H1
H1,H1,H1,H1,H1,H1
H2,H1,S,H1,H1,H1
H1,H1,H1,H1,H2,H1
H1,H1,H1,H1,H2,H1
H1,H1,H1,H1,H1,H2
H1,H1,H1,H1,H1,H1
H2,H1,H2,H1,H1,H1
H1,S,H1,H2,H1,H1
H1,H1,H1,H1,H1,H1
H1,H1,H1,H1,H1,H1
H1,H1,H1,H1,H1,H1
H1,H1,H1,H1,H1,H1
H2,H1,H1,H1,H1,H1
H1,H1,H1,H1,H1,H1
H1,H1,H1,H1,H2,H1
H2,H2,H1,H1,H1,H1
H1,H1,H1,H2,H1,H1
H1,H1,H2,H1,H2,H1
H1,H1,H1,H1,H1,H1
H1,H1,H1,H1,H1,H1
H1,H1,H1,H1,H1,H1
H1,H1,H2,H1,H1,H1
H1,H1,H1,H1,H1,H1
H1,H1,H1,H1,H1,H1
H1,H1,H1,H1,H1,H1
H1,H1,H1,H1,H1,H1
H1,H1,H1,H1,H1,H1
H1,H1,H1,H1,H1,H1
H1,H1,H1,H1,H1,H1
S,H1,H1,H1,H1,H1
H2,H1,H1,H1,H1,H1
H1,H1,H1,H1,H1,H1
H2,H1,H1,H1,H1,H2
H1,H1,H1,H1,H1,H1
H1,H1,H1,H2,H2,H1
H1,H1,H1,H1,H1,H1
H2,H1,H1,H2,H1,H1
H1,H1,H1,H1,H1,H1
H2,H1,H1,H1,H1,H1
H1,H1,H2,H1,H1,H1
H1,H1,H1,H1,H1,H1
H1,H1,H1,H1,H1,H2
H1,H2,H1,H1,H1,H1
H1,H1,H1,H1,H1,H1
H1,H1,H2,H1,H1,H1
H1,H1,H1,H1,H1,H1
H1,H1,H1,H1,H1,H1
H1,H1,H1,H1,H1,H1
H1,H1,H1,H2,H2,H1
H1,H1,H1,H1,H1,H1
H1,H1,H1,H1,H1,H1
H1,H1,H1,H1,H1,H1
H1,H1,H1,H1,H2,H1
H1,H1,H1,H2,H1,H1
H1,H2,H1,H1,H2,H1
H1,H2,H1,H1,H1,H1
H1,H1,H1,H1,H1,H1
H1,H1,H1,H1,H1,H1
H1,H1,H1,H1,H1,H1
H2,H1,H1,H1,H2,H1
H2,H1,H1,H2,H1,H1
H1,H1,H1,H1,H1,H1
H1,H1,H1,H1,H1,H1
S,H1,H1,H2,H1,H1
H1,H2,H1,H2,H1,H1
H1,H1,H1,H1,H1,H1
H1,H1,H1,H1,H1,H1
H1,H2,H1,H2,H2,H1
H1,H1,H1,H1,H1,H1
H1,H1,H2,H1,H2,H1
H1,H1,H1,H1,H1,H1
H1,H1,H1,H1,H1,H1
H1,H1,H1,H1,H1,H1
H1,H1,H1,H1,H1,H1
H1,H1,H1,H1,H1,H1
H1,H2,H1,H2,H1,H1
H1,H1,H1,H1,H2,H1
H1,H1,H1,H1,H1,H1
H2,H1,H1,H1,H1,H1
H1,H1,H1,H1,H1,H1
H1,H1,H1,H1,H1,H2
H1,H2,H1,H1,H1,H1
H1,H1,H1,H1,H2,H1
H1,H1,H1,H1,H1,H1
H1,H1,H1,H1,S,H1
H1,H1,H1,H1,H1,H1
H1,H2,H2,H1,H1,H1
H1,H1,H1,H1,H1,H2
H1,H1,H1,H1,H1,H1
H1,H1,H1,H1,H1,H1
H1,H1,H1,H1,H1,H1
H1,H1,H1,H1,H1,H1
H1,H1,H1,H1,H1,H2
H1,H1,H1,H1,H1,H1
H1,H2,H1,H1,H1,H1
H1,H1,H1,H2,H1,H1
H1,H1,H1,H1,H1,H1
H1,H1,H1,H1,H1,H1
H1,H1,H1,H1,H1,H1
H1,H1,H1,H2,H1,H1
H1,H1,H1,H1,H1,H1
H1,H1,H1,H1,H1,H1
H1,H1,H1,H1,H1,H2
H1,H1,H1,H1,H1,H1
H1,H1,H1,H1,H1,H1
H1,H2,H1,H1,H1,H1
H1,H1,H1,H1,H1,H1
H2,H1,H1,H1,H1,H1
H1,H1,H1,H1,H1,H1
H1,H1,H1,H1,H1,H1
H1,H1,H1,H1,H1,H1
H1,H1,H1,H1,H1,H1
H2,H1,H1,H1,H1,H1
H1,H1,H1,H2,H2,H1
H1,H1,H1,H1,H1,H1
H1,H1,H1,H1,H1,H1
H1,H1,H1,H1,H1,H1
H1,H1,H1,H1,H1,H1
H1,H1,H1,H1,H1,H1
H1,H2,H1,H1,H1,H2
H1,H1,H1,H2,H1,H1
H1,H1,H1,H1,H1,H1
H1,H1,H1,H1,H2,H1
H1,H1,H1,H1,H2,H1
H1,H1,H1,H1,H1,H1
H1,H1,H1,H1,H1,H1
H1,H1,H1,H1,H1,H1
H1,H1,H1,H1,H1,H1
H1,H1,H1,H1,H1,H1
H1,H1,H1,H1,H1,H1
H1,H1,H1,H1,H1,H1
H1,H2,H2,H1,H1,H1
H1,H2,H1,H1,H1,H2
H1,H1,H1,H1,H1,H1
H1,H1,H1,H1,H1,H1
H1,H1,H1,H2,H1,H1
H1,H1,H1,H1,H1,H1
H1,H1,H1,H1,H1,H1
H1,H1,H1,H1,H1,H1
H1,H1,H1,H1,H1,H1
H1,H1,H1,H1,H1,H2
H1,H2,H1,H1,H1,H1
H1,H1,H1,H1,H1,H1
H1,H1,H2,H1,H1,H1
H1,H1,H1,H1,H1,H1
H1,H1,H1,H1,H1,H1
H1,H1,H1,H1,H1,H1
H1,H1,H1,H2,H1,H1
H1,H1,H1,H1,H1,H1
H1,H1,H1,H1,H1,H1
H1,H1,H1,H1,H1,H1
H1,H1,H1,H1,H1,H1
H1,H1,H1,H1,H1,H1
H1,H1,H1,H2,H1,H1
H1,H1,H2,H1,H2,H1
H1,H1,H1,H1,H1,H1
H1,H2,H1,H1,H1,H1
H1,H1,S,H1,H1,H1
H1,H1,H1,H1,H1,H1
H2,H1,H1,H1,H2,H1
H1,H1,H1,H1,H1,H1
H1,H1,H1,H2,H1,H1
H1,H1,H1,H1,H1,H1
H2,H1,H1,H1,H1,H1
H1,H1,H1,H2,H1,H1
H1,H1,H1,H1,H1,H1
H1,H1,H1,H1,H1,H1
H2,H1,H1,H1,H1,H1
H1,H1,H2,H1,H2,H1
H1,H1,H1,H1,H1,H2
H2,H1,H1,H1,H1,H1
H1,H1,H1,H1,H1,H1
H1,H1,H1,H1,H1,H1
H1,H1,H1,H1,H1,H1
H1,H2,H1,H1,H1,H1
H1,H1,H1,H1,H1,H1
H1,H1,H2,H1,H1,H1
H1,H1,H1,H1,H1,H1
H1,H1,H1,H1,H1,H1
H1,H1,H1,H1,H1,H1
H1,H1,H1,H2,H1,H2
H1,H1,H1,H1,H1,H1
H1,H1,H1,H1,H1,H1
H2,H1,H1,H1,H1,H1
H1,H1,H1,H1,H1,H1
H1,H1,H1,H1,H1,H1
H1,H1,H1,S,H1,H1
H1,H1,H1,H1,H1,H1
H1,H1,H1,H1,H1,S
H1,H1,H1,H1,H1,H1
H2,H1,H1,H1,H1,H1
H1,H1,H1,H1,H1,H1
H1,H1,H1,H1,H1,H1
H1,S,H1,H2,H1,H1
H1,H1,H1,H1,H1,H1
H1,H1,H1,H1,H1,H1
H1,H2,H1,H1,H1,H1
H1,H1,H1,H1,H1,H1
H1,H1,H1,H1,H1,H1
H1,H1,H1,H1,H1,H1
H1,H1,H1,H1,H1,H1
H2,H2,H1,H2,H1,H2
H1,H1,H1,H1,H1,H1
H1,H1,H2,H1,H1,H1
H1,H1,H1,H1,H1,H1
H1,H1,H1,H1,H2,H1
H1,H1,H1,H1,H2,H1
H1,H2,H1,H1,H1,H1
H1,H1,H1,H1,H1,H1
H1,H1,H1,H1,H1,H1
H1,H1,H1,H1,H1,H1
H1,H1,H1,H1,H1,H1
H1,H1,H1,H1,H1,H1
H1,H1,H1,S,H1,H1
H1,H1,H1,H1,H1,H1
H1,H1,H1,H1,H1,H1
H1,H2,H1,H1,H1,H1
